Exam Date,Subject Code,Time Start Slot,Time End,Room,Number Of Student,invigilatorID
1,ENM401,1,3,HB/202R,22,anhltp2
1,ENM401,1,3,HB/204R,22,bichvtn9
1,ENM401,1,3,BE201,22,bontv
1,ENM401,1,3,BE202,22,chungtt10
1,ENM401,1,3,BE203,22,ducdm39
1,ENM401,1,3,BE204,22,haiptm7
1,ENM401,1,3,BE205,22,hanglt40
1,ENM401,1,3,BE208,22,hienntt
1,ENM401,1,3,BE209,22,huyenntt97
1,ENM401,1,3,BE210,22,linhndm3
1,ENM401,1,3,BE212,22,luult2
1,ENM401,1,3,BE213,22,ngadtt22
1,ENM401,1,3,BE214,22,phucnh67
1,ENM401,1,3,BE215,22,phuonglh17
1,ENM401,1,3,BE216,22,quangnm42
1,ENM401,1,3,BE217,22,quyph
1,ENM401,1,3,BE218,22,thangnt44
1,ENM401,1,3,BE219,22,thuongnt53
1,ENM401,1,3,BE220,22,thuydtp
1,ENM401,1,3,BE221,22,thuyntb3
1,ENM401,1,3,BE301,22,thuyntt135
1,ENM401,1,3,BE302,22,tranglh21
1,ENM401,1,3,BE303,22,trangntd10
1,ENM401,1,3,BE304,22,tritd
1,ENM401,1,3,BE305,22,tuanhm28
1,ENM401,1,3,BE306,22,vinhpt20
1,ENM401,1,3,BE307,1,vuda
1,VNC104,1,1,BE308,21,anhltp3
1,VNC104,1,1,BE309,21,dungttp
1,VNC104,1,1,BE310,21,huongct12
1,VNC104,1,1,BE311,21,khuongpd
1,VNC104,1,1,BE312,21,longdq
1,VNC104,1,1,BE313,21,ngocnta7
1,VNC104,1,1,BE314,18,ynt4
1,ESL101,2,2,BE308,15,hoadt31
1,DPL301m,3,3,BE308,21,annt79
1,DPL301m,3,3,BE309,21,khainn7
1,DPL301m,3,3,BE310,19,tampt25
1,IOT102,4,4,HB/202R,21,anhkd
1,IOT102,4,4,HB/204R,21,anhltp2
1,IOT102,4,4,BE201,21,anhttv20
1,IOT102,4,4,BE202,21,duongbt10
1,IOT102,4,4,BE203,21,duongnv44
1,IOT102,4,4,BE204,21,huyenntt97
1,IOT102,4,4,BE205,21,linhndm3
1,IOT102,4,4,BE208,21,linhntm
1,IOT102,4,4,BE209,21,thaodtt31
1,IOT102,4,4,BE210,21,thinhnt36
1,IOT102,4,4,BE212,21,thuongnt53
1,IOT102,4,4,BE213,21,thuydtp
1,IOT102,4,4,BE214,21,thuyvtp3
1,IOT102,4,4,BE215,21,tranglh21
1,IOT102,4,4,BE216,21,trangntd10
1,IOT102,4,4,BE217,18,ynt4
1,LAW102,4,4,BE218,22,dungttp
1,LAW102,4,4,BE219,22,hieudt46
1,LAW102,4,4,BE220,22,hunglh
1,LAW102,4,4,BE221,22,huongct12
1,LAW102,4,4,BE301,22,huyendtt4
1,LAW102,4,4,BE302,22,khainn7
1,LAW102,4,4,BE303,22,longdq
1,LAW102,4,4,BE304,22,luult2
1,LAW102,4,4,BE305,22,minhtt27
1,LAW102,4,4,BE306,22,phuongltl4
1,LAW102,4,4,BE307,22,quangnm42
1,LAW102,4,4,BE308,22,thangnt44
1,LAW102,4,4,BE309,22,thanhltk
1,LAW102,4,4,BE310,9,trungnt
1,CEA201,5,5,HB/202R,22,anhkd
1,CEA201,5,5,HB/204R,22,anhltp2
1,CEA201,5,5,BE201,22,anhltp3
1,CEA201,5,5,BE202,22,anhpv
1,CEA201,5,5,BE203,22,anhttv20
1,CEA201,5,5,BE204,22,annh21
1,CEA201,5,5,BE205,22,annt21
1,CEA201,5,5,BE208,22,annt79
1,CEA201,5,5,BE209,22,bichvtn9
1,CEA201,5,5,BE210,22,caupd
1,CEA201,5,5,BE212,22,chinhnt29
1,CEA201,5,5,BE213,22,chinhvv
1,CEA201,5,5,BE214,22,diepld
1,CEA201,5,5,BE215,22,doanhd
1,CEA201,5,5,BE216,22,ducdm39
1,CEA201,5,5,BE217,22,dunglq19
1,CEA201,5,5,BE218,22,dungnt3
1,CEA201,5,5,BE219,22,dungttp
1,CEA201,5,5,BE220,22,dungvt41
1,CEA201,5,5,BE221,22,duongbt10
1,CEA201,5,5,BE301,22,duongtt35
1,CEA201,5,5,BE302,22,haiptm7
1,CEA201,5,5,BE303,22,hanglt40
1,CEA201,5,5,BE304,22,hangtt59
1,CEA201,5,5,BE305,22,hanhvb
1,CEA201,5,5,BE306,22,hann13
1,CEA201,5,5,BE307,22,hantv
1,CEA201,5,5,BE308,22,hienda
1,CEA201,5,5,BE309,22,hienntt
1,CEA201,5,5,BE310,22,hieudt46
1,CEA201,5,5,BE311,22,hoadt31
1,CEA201,5,5,BE312,22,hunglh
1,CEA201,5,5,BE313,22,huongct12
1,CEA201,5,5,BE314,22,huongnt317
1,CEA201,5,5,BE315,22,huongtg
1,CEA201,5,5,BE316,22,huyendtt4
1,CEA201,5,5,BE317,22,huyenpk
1,CEA201,5,5,BE318,22,huyvv10
1,CEA201,5,5,BE319,22,khainn7
1,CEA201,5,5,BE320,22,khanhh
1,CEA201,5,5,BE321,22,linhntm
1,CEA201,5,5,BE401,22,linhpp2
1,CEA201,5,5,BE402,22,longdq
1,CEA201,5,5,BE403,22,longndd
1,CEA201,5,5,BE404,22,luult2
1,CEA201,5,5,BE405,22,maitt
1,CEA201,5,5,BE406,22,minhnt79
1,CEA201,5,5,BE407,22,minhpq15
1,CEA201,5,5,BE408,22,minhtt27
1,CEA201,5,5,BE409,22,ngadtt22
1,CEA201,5,5,BE410,22,ngocll2
1,CEA201,5,5,BE411,22,ngocnta7
1,CEA201,5,5,BE412,22,phucnh67
1,CEA201,5,5,BE413,22,phuonglh17
1,CEA201,5,5,BE414,22,phuongltl4
1,CEA201,5,5,BE415,22,phuongvtm11
1,CEA201,5,5,BE416,22,quangnm42
1,CEA201,5,5,BE417,22,quyph
1,CEA201,5,5,BE418,22,tamnt
1,CEA201,5,5,BE419,22,tampt25
1,CEA201,5,5,BE420,22,thangnt44
1,CEA201,5,5,BE421,22,thangpd10
1,CEA201,5,5,AL201,22,thanhltk
1,CEA201,5,5,AL202,22,thaodtt31
1,CEA201,5,5,AL203,22,thiennv
1,CEA201,5,5,AL204,22,thinhnt36
1,CEA201,5,5,AL205,22,thomlth2
1,CEA201,5,5,AL208,22,thuydtp
1,CEA201,5,5,AL209,22,thuyntb3
1,CEA201,5,5,AL210,22,thuyntt135
1,CEA201,5,5,AL212,22,thuyntt35
1,CEA201,5,5,AL213,22,thuyvtp3
1,CEA201,5,5,AL214,22,tienhm7
1,CEA201,5,5,AL215,22,trangdm3
1,CEA201,5,5,AL216,22,tranglh21
1,CEA201,5,5,AL217,22,trangntd10
1,CEA201,5,5,AL218,22,trangntq41
1,CEA201,5,5,AL219,22,trinhntt37
1,CEA201,5,5,AL220,22,tritd
1,CEA201,5,5,AL301,22,trungnt
1,CEA201,5,5,AL302,22,tuanhm28
1,CEA201,5,5,AL303,22,tuanlt33
1,CEA201,5,5,AL304,22,vanbta
1,CEA201,5,5,AL305,22,vinhpt20
1,CEA201,5,5,AL306,11,vuda
1,AIL302m,6,6,HB/202R,20,phucnh67
1,AIL302m,6,6,HB/204R,20,thanhnp19
1,AIL302m,6,6,BE201,20,thuyvtp3
1,CSI105,6,6,BE202,21,chinhnt29
1,CSI105,6,6,BE203,21,dungttp
1,CSI105,6,6,BE204,21,hoadt31
1,CSI105,6,6,BE205,21,khanhh
1,CSI105,6,6,BE208,21,linhndm3
1,CSI105,6,6,BE209,21,minhtt27
1,CSI105,6,6,BE210,21,phuongvtm11
1,CSI105,6,6,BE212,21,tamnt
1,DBW301,6,6,BE213,21,dunglq19
1,DBW301,6,6,BE214,21,linhpp2
1,DBW301,6,6,BE215,21,longdt12
1,DBW301,6,6,BE216,20,ynt4
1,FRS301,6,6,BE217,13,hanglt40
1,FRS301,6,6,BE218,12,thomlth2
1,IBC201,6,6,BE219,19,bichvtn9
1,IBC201,6,6,BE220,19,doanhd
1,IBC201,6,6,BE221,19,dungvt41
1,IBC201,6,6,BE301,19,phuongltl4
1,IBC201,6,6,BE302,16,tampt25
1,ISM302,6,6,BE303,19,longdq
1,MKT304,6,6,BE304,22,anhptm16
1,MKT304,6,6,BE305,22,hangtt59
1,MKT304,6,6,BE306,22,hanhvb
1,MKT304,6,6,BE307,22,hantv
1,MKT304,6,6,BE308,22,maitt
1,MKT304,6,6,BE309,22,minhpq15
1,MKT304,6,6,BE310,22,ngocll2
1,MKT304,6,6,BE311,22,trinhntt37
2,MCO201m,1,3,HB/202R,19,chunglv11
2,MCO201m,1,3,HB/204R,19,hahkn
2,MCO201m,1,3,BE201,19,hanhnth3
2,MCO201m,1,3,BE202,19,longdt12
2,MCO201m,1,3,BE203,19,tienntt54
2,SAL301,1,2,BE204,22,anhnv64
2,SAL301,1,2,BE205,22,duongpv14
2,SAL301,1,2,BE208,22,hanhvb
2,SAL301,1,2,BE209,22,hongnt70
2,SAL301,1,2,BE210,22,huyentt
2,SAL301,1,2,BE212,22,tampt25
2,SAL301,1,2,BE213,22,thangpq8
2,SAL301,1,2,BE214,22,thanhltk
2,SAL301,1,2,BE215,17,trieuptt
2,SWT301,1,3,BE216,22,anhht47
2,SWT301,1,3,BE217,22,bantq
2,SWT301,1,3,BE218,22,giangdt26
2,SWT301,1,3,BE219,22,hoakt
2,SWT301,1,3,BE220,22,hoptt
2,SWT301,1,3,BE221,22,huongtg
2,SWT301,1,3,BE301,22,huybq20
2,SWT301,1,3,BE302,22,huyenpk
2,SWT301,1,3,BE303,22,khanhh
2,SWT301,1,3,BE304,22,ngavv
2,SWT301,1,3,BE305,22,ngocnt5
2,SWT301,1,3,BE306,22,tambt10
2,SWT301,1,3,BE307,22,thanhpv24
2,SWT301,1,3,BE308,22,tientd17
2,SWT301,1,3,BE309,22,trangdtt71
2,SWT301,1,3,BE310,22,trangdtt74
2,SWT301,1,3,BE311,22,trungcd
2,SWT301,1,3,BE312,13,trungph6
2,DBS401,3,3,BE204,10,yenhth15
2,RES222,3,3,BE205,20,ngant113
2,CHN111,4,6,HB/202R,22,anhht47
2,CHN111,4,6,HB/204R,22,anhntt2
2,CHN111,4,6,BE201,22,anhttv20
2,CHN111,4,6,BE202,22,chinhvv
2,CHN111,4,6,BE203,22,chunglv11
2,CHN111,4,6,BE204,22,dinhvd4
2,CHN111,4,6,BE205,22,giangdt26
2,CHN111,4,6,BE208,22,hanhvb
2,CHN111,4,6,BE209,22,hoakt
2,CHN111,4,6,BE210,22,hongnd5
2,CHN111,4,6,BE212,22,hongnt70
2,CHN111,4,6,BE213,22,hoptt
2,CHN111,4,6,BE214,22,huyentt
2,CHN111,4,6,BE215,22,huyenvt23
2,CHN111,4,6,BE216,22,khanhh
2,CHN111,4,6,BE217,22,linhhln(ctsv)
2,CHN111,4,6,BE218,22,ngant113
2,CHN111,4,6,BE219,22,ngocnt5
2,CHN111,4,6,BE220,22,oanhntk45
2,CHN111,4,6,BE221,22,tambt10
2,CHN111,4,6,BE301,22,tampt25
2,CHN111,4,6,BE302,22,thangpq8
2,CHN111,4,6,BE303,22,thudt
2,CHN111,4,6,BE304,22,thuongnt53
2,CHN111,4,6,BE305,22,trangdtt74
2,CHN111,4,6,BE306,22,trungcd
2,CHN111,4,6,BE307,22,trungdt
2,CHN111,4,6,BE308,22,trungph6
2,CHN111,4,6,BE309,13,yenhth15
2,KOR311,4,6,BE310,21,nhungdth23
2,KOR311,4,6,BE311,21,thanhltk
2,KOR311,4,6,BE312,19,tienntt54
2,RMC201,4,4,BE313,20,anhnh2
2,RMC201,4,4,BE314,20,duongnv44
2,RMC201,4,4,BE315,20,hahkn
2,RMC201,4,4,BE316,20,hoant214
2,RMC201,4,4,BE317,20,huyvv10
2,RMC201,4,4,BE318,20,thanhpv24
2,RMC201,4,4,BE319,15,tunght32
2,RES301,5,5,BE313,13,huongtg
2,JPD346,6,6,BE313,18,thanhpv24
2,JPD346,6,6,BE314,18,truongnq24
2,SSC102,6,6,BE315,21,anhnh2
2,SSC102,6,6,BE316,21,khangpq3
2,SSC102,6,6,BE317,21,ngocnt84
2,SSC102,6,6,BE318,19,tunght32
3,SSG104,1,1,HB/202R,22,anhnh2
3,SSG104,1,1,HB/204R,22,anhntq43
3,SSG104,1,1,BE201,22,anhntt2
3,SSG104,1,1,BE202,22,anhnv64
3,SSG104,1,1,BE203,22,anhpv
3,SSG104,1,1,BE204,22,annt79
3,SSG104,1,1,BE205,22,binhlt54
3,SSG104,1,1,BE208,22,chind3
3,SSG104,1,1,BE209,22,chinhntn
3,SSG104,1,1,BE210,22,chinhvv
3,SSG104,1,1,BE212,22,chink16
3,SSG104,1,1,BE213,22,cuonghd7
3,SSG104,1,1,BE214,22,diepld
3,SSG104,1,1,BE215,22,dungbh
3,SSG104,1,1,BE216,22,duongbt10
3,SSG104,1,1,BE217,22,duongpv14
3,SSG104,1,1,BE218,22,hailt
3,SSG104,1,1,BE219,22,hamtn2
3,SSG104,1,1,BE220,22,hanglt40
3,SSG104,1,1,BE221,22,hangtt59
3,SSG104,1,1,BE301,22,hieubv10
3,SSG104,1,1,BE302,22,hieudt46
3,SSG104,1,1,BE303,22,hongnd5
3,SSG104,1,1,BE304,22,huectm
3,SSG104,1,1,BE305,22,hunglb3
3,SSG104,1,1,BE306,22,hungnq84
3,SSG104,1,1,BE307,22,huongct12
3,SSG104,1,1,BE308,22,huongntq12
3,SSG104,1,1,BE309,22,huyenbtt10
3,SSG104,1,1,BE310,22,huyendtt4
3,SSG104,1,1,BE311,22,huyennt206
3,SSG104,1,1,BE312,22,huynhld3
3,SSG104,1,1,BE313,22,lanntt
3,SSG104,1,1,BE314,22,linhct4
3,SSG104,1,1,BE315,22,linhhln(ctsv)
3,SSG104,1,1,BE316,22,linhntm
3,SSG104,1,1,BE317,22,linhvh11
3,SSG104,1,1,BE318,22,loanntp
3,SSG104,1,1,BE319,22,lynth28
3,SSG104,1,1,BE320,22,nangnth
3,SSG104,1,1,BE321,22,ngant113
3,SSG104,1,1,BE401,22,ngoccta3
3,SSG104,1,1,BE402,22,ngocll2
3,SSG104,1,1,BE403,22,ngocnt5
3,SSG104,1,1,BE404,22,ngocnt84
3,SSG104,1,1,BE405,22,ngocntm25
3,SSG104,1,1,BE406,22,nguyennm2
3,SSG104,1,1,BE407,22,nguyetntm
3,SSG104,1,1,BE408,22,oanhnt75
3,SSG104,1,1,BE409,22,oanhntk45
3,SSG104,1,1,BE410,22,phuonglh17
3,SSG104,1,1,BE411,22,phuonglv8
3,SSG104,1,1,BE412,22,sangnv
3,SSG104,1,1,BE413,22,sonhx
3,SSG104,1,1,BE414,22,tampt25
3,SSG104,1,1,BE415,22,thangnt44
3,SSG104,1,1,BE416,22,thangnt59
3,SSG104,1,1,BE417,22,thangnv75
3,SSG104,1,1,BE418,22,thanhdt59
3,SSG104,1,1,BE419,22,thanhltk
3,SSG104,1,1,BE420,22,thanhnp19
3,SSG104,1,1,BE421,22,thuba2
3,SSG104,1,1,AL201,22,thulx
3,SSG104,1,1,AL202,22,thuongnt53
3,SSG104,1,1,AL203,22,thuybt26
3,SSG104,1,1,AL204,22,thuybt4
3,SSG104,1,1,AL205,22,tienhm7
3,SSG104,1,1,AL208,22,trangdm3
3,SSG104,1,1,AL209,22,trangdtt71
3,SSG104,1,1,AL210,22,tranglh21
3,SSG104,1,1,AL212,22,trungcd
3,SSG104,1,1,AL213,22,truonghm
3,SSG104,1,1,AL214,22,tuanlt33
3,SSG104,1,1,AL215,22,tunght32
3,SSG104,1,1,AL216,22,tungnq20
3,SSG104,1,1,AL217,22,vanbta
3,SSG104,1,1,AL218,22,vandtt
3,SSG104,1,1,AL219,22,vuda
3,SSG104,1,1,AL220,22,vunh
3,SSG104,1,1,AL301,13,yenhth15
3,JPD113,2,2,HB/202R,22,anhht47
3,JPD113,2,2,HB/204R,22,anhntt2
3,JPD113,2,2,BE201,22,anhpn
3,JPD113,2,2,BE202,22,anhpv
3,JPD113,2,2,BE203,22,anhtv22
3,JPD113,2,2,BE204,22,annt79
3,JPD113,2,2,BE205,22,bichvtn9
3,JPD113,2,2,BE208,22,caupd
3,JPD113,2,2,BE209,22,chinhntn
3,JPD113,2,2,BE210,22,diepld
3,JPD113,2,2,BE212,22,doanhd
3,JPD113,2,2,BE213,22,duongpv14
3,JPD113,2,2,BE214,22,haiht
3,JPD113,2,2,BE215,22,hapn
3,JPD113,2,2,BE216,22,hienntt
3,JPD113,2,2,BE217,22,hoaibm
3,JPD113,2,2,BE218,22,hongnd5
3,JPD113,2,2,BE219,22,hongttx4
3,JPD113,2,2,BE220,22,hungnq84
3,JPD113,2,2,BE221,22,huongct12
3,JPD113,2,2,BE301,22,huyennt206
3,JPD113,2,2,BE302,22,linhlk7
3,JPD113,2,2,BE303,22,linhvh11
3,JPD113,2,2,BE304,22,ngocll2
3,JPD113,2,2,BE305,22,nguyennm2
3,JPD113,2,2,BE306,22,oanhntk45
3,JPD113,2,2,BE307,22,phuonglv8
3,JPD113,2,2,BE308,22,sonhx
3,JPD113,2,2,BE309,22,thangnv75
3,JPD113,2,2,BE310,22,thangtq27
3,JPD113,2,2,BE311,22,thanhnp19
3,JPD113,2,2,BE312,22,thanhpv24
3,JPD113,2,2,BE313,22,thopn3
3,JPD113,2,2,BE314,22,thuyntt135
3,JPD113,2,2,BE315,22,tienntt54
3,JPD113,2,2,BE316,22,trangntd10
3,JPD113,2,2,BE317,22,tuanvm2
3,JPD113,2,2,BE318,22,tudq5
3,JPD113,2,2,BE319,5,tunght32
3,MKT101,3,3,HB/202R,22,anhht47
3,MKT101,3,3,HB/204R,22,anhltp3
3,MKT101,3,3,BE201,22,cuonghd7
3,MKT101,3,3,BE202,22,datnd3
3,MKT101,3,3,BE203,22,dattt67
3,MKT101,3,3,BE204,22,dungbh
3,MKT101,3,3,BE205,22,duongpv14
3,MKT101,3,3,BE208,22,duongtt35
3,MKT101,3,3,BE209,22,haiht
3,MKT101,3,3,BE210,22,hamtn2
3,MKT101,3,3,BE212,22,hieudt46
3,MKT101,3,3,BE213,22,hoadt35
3,MKT101,3,3,BE214,22,hoaibm
3,MKT101,3,3,BE215,22,huectm
3,MKT101,3,3,BE216,22,hungdc
3,MKT101,3,3,BE217,22,hunglh
3,MKT101,3,3,BE218,22,huongntq12
3,MKT101,3,3,BE219,22,huyenbtt10
3,MKT101,3,3,BE220,22,huyendtt4
3,MKT101,3,3,BE221,22,huyennt206
3,MKT101,3,3,BE301,22,huynhld3
3,MKT101,3,3,BE302,22,linhntm
3,MKT101,3,3,BE303,22,linhvh11
3,MKT101,3,3,BE304,22,luongdt10
3,MKT101,3,3,BE305,22,luongnt14
3,MKT101,3,3,BE306,22,ngoccta3
3,MKT101,3,3,BE307,22,nhuonglt
3,MKT101,3,3,BE308,22,oanhnt75
3,MKT101,3,3,BE309,22,phuongkt
3,MKT101,3,3,BE310,22,phuonglv8
3,MKT101,3,3,BE311,22,quyph
3,MKT101,3,3,BE312,22,tamnt
3,MKT101,3,3,BE313,22,thangnt44
3,MKT101,3,3,BE314,22,thangnv75
3,MKT101,3,3,BE315,22,thanhnp19
3,MKT101,3,3,BE316,22,thuyntt135
3,MKT101,3,3,BE317,22,tranglh21
3,MKT101,3,3,BE318,22,trangntd10
3,MKT101,3,3,BE319,22,trungdt
3,MKT101,3,3,BE320,22,tuanhm28
3,MKT101,3,3,BE321,22,tuanlt33
3,MKT101,3,3,BE401,22,tudq5
3,MKT101,3,3,BE402,22,tunght32
3,MKT101,3,3,BE403,22,vanbta
3,MKT101,3,3,BE404,22,vandtk2
3,MKT101,3,3,BE405,22,vuda
3,MKT101,3,3,BE406,13,yenhth15
3,CPV301,4,4,HB/202R,20,chinhntn
3,CPV301,4,4,HB/204R,20,dinhvd4
3,CPV301,4,4,BE201,20,loanntp
3,CPV301,4,4,BE202,19,thopn3
3,ENB301,4,5,BE203,17,tuanlt33
3,IEI301,4,4,BE204,22,hieubv10
3,IEI301,4,4,BE205,22,hieudv2
3,IEI301,4,4,BE208,22,huectm
3,IEI301,4,4,BE209,22,hunglb3
3,IEI301,4,4,BE210,22,hungnq84
3,IEI301,4,4,BE212,22,ngocnt84
3,IEI301,4,4,BE213,22,phucd
3,IEI301,4,4,BE214,22,trangdm3
3,IEI301,4,4,BE215,22,vuda
3,IEI301,4,4,BE216,17,yenhth15
3,JPD316,4,4,BE217,19,anhntq43
3,JPD316,4,4,BE218,19,huongct12
3,JPD316,4,4,BE219,17,trungdt
3,LTG202,4,4,BE220,16,hailt
3,LTG202,4,4,BE221,16,quyph
3,PRJ302,4,4,BE301,20,diepld
3,PRJ302,4,4,BE302,20,huongntq12
3,PRJ302,4,4,BE303,20,phuongkt
3,PRU211m,4,4,BE304,22,binhlt54
3,PRU211m,4,4,BE305,22,duyenlt
3,PRU211m,4,4,BE306,22,hangtt59
3,PRU211m,4,4,BE307,22,hanhnth3
3,PRU211m,4,4,BE308,22,huynhld3
3,PRU211m,4,4,BE309,22,linhlk7
3,PRU211m,4,4,BE310,22,linhvh11
3,PRU211m,4,4,BE311,22,ngocntm25
3,PRU211m,4,4,BE312,22,nguyetntm
3,PRU211m,4,4,BE313,22,oanhnt75
3,PRU211m,4,4,BE314,22,phuonglh17
3,PRU211m,4,4,BE315,22,thuybt26
3,PRU211m,4,4,BE316,18,vunh
3,ADS301m,5,5,HB/202R,22,thanhnp19
3,ADS301m,5,5,HB/204R,22,trangdm3
3,PRJ301,5,5,BE201,22,anhnh2
3,PRJ301,5,5,BE202,22,anhtv22
3,PRJ301,5,5,BE204,22,annt21
3,PRJ301,5,5,BE205,22,bontv
3,PRJ301,5,5,BE208,22,duongpv14
3,PRJ301,5,5,BE209,22,duyenlt
3,PRJ301,5,5,BE210,22,hienda
3,PRJ301,5,5,BE212,22,hoadt31
3,PRJ301,5,5,BE213,22,hoakt
3,PRJ301,5,5,BE214,22,hongttx4
3,PRJ301,5,5,BE215,22,hunglh
3,PRJ301,5,5,BE216,22,huongntq12
3,PRJ301,5,5,BE217,22,huyennn17
3,PRJ301,5,5,BE218,22,kiennt
3,PRJ301,5,5,BE219,22,linhhln(ctsv)
3,PRJ301,5,5,BE220,22,maicv2
3,PRJ301,5,5,BE221,22,nangnth
3,PRJ301,5,5,BE301,22,oanhntk45
3,PRJ301,5,5,BE302,22,phucd
3,PRJ301,5,5,BE303,22,phuonglh17
3,PRJ301,5,5,BE304,22,phuongltl4
3,PRJ301,5,5,BE305,22,tamnt
3,PRJ301,5,5,BE306,22,thangnt59
3,PRJ301,5,5,BE307,22,thangnv75
3,PRJ301,5,5,BE308,22,thanhdt59
3,PRJ301,5,5,BE309,22,thomlth2
3,PRJ301,5,5,BE310,22,thopn3
3,PRJ301,5,5,BE311,22,thuba2
3,PRJ301,5,5,BE312,22,thulh
3,PRJ301,5,5,BE313,22,thuybt26
3,PRJ301,5,5,BE314,22,trangdtt71
3,PRJ301,5,5,BE315,22,trangntd10
3,PRJ301,5,5,BE316,22,trungcd
3,PRJ301,5,5,BE317,22,tuanhm28
3,PRJ301,5,5,BE318,22,tuanvm2
3,PRJ301,5,5,BE319,22,vanbta
3,PRJ301,5,5,BE320,22,vandtk2
3,PRJ301,5,5,BE321,22,vunh
3,PRJ301,5,5,BE401,11,yenhth15
3,PRF192,6,6,HB/202R,22,anhht47
3,PRF192,6,6,HB/204R,22,anhltp3
3,PRF192,6,6,BE201,22,anhnh2
3,PRF192,6,6,BE202,22,anhntq43
3,PRF192,6,6,BE203,22,anhnv64
3,PRF192,6,6,BE204,22,anhpn
3,PRF192,6,6,BE205,22,anhtv22
3,PRF192,6,6,BE208,22,annt79
3,PRF192,6,6,BE209,22,binhlt54
3,PRF192,6,6,BE210,22,caupd
3,PRF192,6,6,BE212,22,chinhvv
3,PRF192,6,6,BE213,22,cuonghd7
3,PRF192,6,6,BE214,22,datnd3
3,PRF192,6,6,BE215,22,dattt67
3,PRF192,6,6,BE216,22,doanhd
3,PRF192,6,6,BE217,22,dunglv5
3,PRF192,6,6,BE218,22,haiht
3,PRF192,6,6,BE219,22,hailt
3,PRF192,6,6,BE220,22,hamtn2
3,PRF192,6,6,BE221,22,hangtt59
3,PRF192,6,6,BE301,22,hanhnth3
3,PRF192,6,6,BE302,22,hapn
3,PRF192,6,6,BE303,22,hienda
3,PRF192,6,6,BE304,22,hieubv10
3,PRF192,6,6,BE305,22,hoaibm
3,PRF192,6,6,BE306,22,hoanm8
3,PRF192,6,6,BE307,22,huectm
3,PRF192,6,6,BE308,22,hunglb3
3,PRF192,6,6,BE309,22,hunglh
3,PRF192,6,6,BE310,22,huongct12
3,PRF192,6,6,BE311,22,huonght34
3,PRF192,6,6,BE312,22,huongntq12
3,PRF192,6,6,BE313,22,huyenbtt10
3,PRF192,6,6,BE314,22,huyendtt4
3,PRF192,6,6,BE315,22,huyennn17
3,PRF192,6,6,BE316,22,huyentt
3,PRF192,6,6,BE317,22,huynhld3
3,PRF192,6,6,BE318,22,kiennt
3,PRF192,6,6,BE319,22,kyvk2
3,PRF192,6,6,BE320,22,lanntt
3,PRF192,6,6,BE321,22,linhct4
3,PRF192,6,6,BE401,22,linhlk7
3,PRF192,6,6,BE402,22,linhndm3
3,PRF192,6,6,BE403,22,linhntm
3,PRF192,6,6,BE404,22,loanntp
3,PRF192,6,6,BE405,22,luongdt10
3,PRF192,6,6,BE406,22,luongnt14
3,PRF192,6,6,BE407,22,lynth28
3,PRF192,6,6,BE408,22,maicv2
3,PRF192,6,6,BE409,22,minhnt79
3,PRF192,6,6,BE410,22,nangnth
3,PRF192,6,6,BE411,22,ngocll2
3,PRF192,6,6,BE412,22,ngocnt5
3,PRF192,6,6,BE413,22,nguyennm2
3,PRF192,6,6,BE414,22,nguyetntm
3,PRF192,6,6,BE415,22,nhuonglt
3,PRF192,6,6,BE416,22,oanhnt75
3,PRF192,6,6,BE417,22,oanhntk45
3,PRF192,6,6,BE418,22,phuongkt
3,PRF192,6,6,BE419,22,phuonglh17
3,PRF192,6,6,BE420,22,phuongltl4
3,PRF192,6,6,BE421,22,quyph
3,PRF192,6,6,AL201,22,sonhx
3,PRF192,6,6,AL202,22,tamnt
3,PRF192,6,6,AL203,22,tampt25
3,PRF192,6,6,AL204,22,thangnt44
3,PRF192,6,6,AL205,22,thangnt59
3,PRF192,6,6,AL208,22,thangtq27
3,PRF192,6,6,AL209,22,thanhltk
3,PRF192,6,6,AL210,22,thanhnp19
3,PRF192,6,6,AL212,22,thanhpv24
3,PRF192,6,6,AL213,22,thomlth2
3,PRF192,6,6,AL214,22,thulx
3,PRF192,6,6,AL215,22,thuongnt53
3,PRF192,6,6,AL216,22,thuybt26
3,PRF192,6,6,AL217,22,thuybt4
3,PRF192,6,6,AL218,22,thuyntt135
3,PRF192,6,6,AL219,22,tramnn19
3,PRF192,6,6,AL220,22,trangdm3
3,PRF192,6,6,AL301,22,trangdtt71
3,PRF192,6,6,AL302,22,trangnm24
3,PRF192,6,6,AL303,22,trongnv29
3,PRF192,6,6,AL304,22,trungcd
3,PRF192,6,6,AL305,22,trungdt
3,PRF192,6,6,AL306,22,truongnv67
3,PRF192,6,6,AL307,22,tuanvm2
3,PRF192,6,6,AL308,22,tudq5
3,PRF192,6,6,AL309,22,tungnq20
3,PRF192,6,6,AL310,22,vanbta
3,PRF192,6,6,AL311,22,vandtt
3,PRF192,6,6,AL312,22,vunh
3,PRF192,6,6,AL313,20,ynt4
4,AET102,1,2,HB/202R,18,chind3
4,AET102,1,2,HB/204R,18,hatt57
4,AET102,1,2,BE201,18,ngocnt5
4,AET102,1,2,BE202,15,thulh
4,ELI401,1,3,BE203,12,vunh
4,HOD401,1,1,BE204,20,huectm
4,HOD401,1,1,BE205,20,luongdt10
4,IOP391,1,3,BE208,17,dunglq19
4,LOG321,1,1,BE209,21,duyenlt
4,MEP201,1,3,BE210,19,dungbh
4,MEP201,1,3,BE212,19,huynhld3
4,MEP201,1,3,BE213,19,truongnv67
4,MEP201,1,3,BE214,18,yennth126
4,PRN231,1,1,BE215,21,hadtt
4,PRN231,1,1,BE216,21,hungnh42
4,PRN231,1,1,BE217,21,linhct4
4,PRN231,1,1,BE218,19,ngocnta7
4,SWR302,1,3,BE219,21,anhnh88
4,SWR302,1,3,BE220,21,anhptl19
4,SWR302,1,3,BE221,21,ducdm39
4,SWR302,1,3,BE301,21,giangdt26
4,SWR302,1,3,BE302,21,hunglb3
4,SWR302,1,3,BE303,21,huongpt
4,SWR302,1,3,BE304,21,huongtg
4,SWR302,1,3,BE305,21,huybq20
4,SWR302,1,3,BE306,21,huyenbtt10
4,SWR302,1,3,BE307,21,huyennt206
4,SWR302,1,3,BE308,21,khanhtth2
4,SWR302,1,3,BE309,21,nhungdtp
4,SWR302,1,3,BE310,21,oanhnt75
4,SWR302,1,3,BE311,21,thang nv81
4,SWR302,1,3,BE312,21,thangpq8
4,SWR302,1,3,BE313,21,trongnv29
4,SWR302,1,3,BE314,21,trungpb
4,SWR302,1,3,BE315,21,tuanhm
4,MLN101,2,2,BE204,20,hungnq84
4,MLN101,2,2,BE205,20,trangntd10
4,MLN101,2,2,BE209,20,vandtt
4,HCI201,3,3,HB/202R,13,chind3
4,HCI201,3,3,HB/204R,13,thanhpv24
4,OSP201,3,3,BE201,18,bachlv3
4,OSP201,3,3,BE202,18,duongnv44
4,OSP201,3,3,BE204,18,ngocnt5
4,OSP201,3,3,BE205,18,trungnt
4,BRA301,4,6,HB/202R,21,duynq30
4,BRA301,4,6,HB/204R,21,hantv
4,BRA301,4,6,BE201,21,hungnq84
4,BRA301,4,6,BE202,21,huongpt
4,BRA301,4,6,BE203,21,huyennn17
4,BRA301,4,6,BE204,21,minhnt79
4,BRA301,4,6,BE205,21,quynhvth2
4,BRA301,4,6,BE208,19,trungnt
4,MAD101,4,4,BE209,22,anhnh88
4,MAD101,4,4,BE210,22,anhntt2
4,MAD101,4,4,BE212,22,annt79
4,MAD101,4,4,BE213,22,bachlv3
4,MAD101,4,4,BE214,22,caupd
4,MAD101,4,4,BE215,22,dinhvd4
4,MAD101,4,4,BE216,22,ducdm39
4,MAD101,4,4,BE217,22,dunglq19
4,MAD101,4,4,BE218,22,duongtb
4,MAD101,4,4,BE219,22,giangdt26
4,MAD101,4,4,BE220,22,hadtt
4,MAD101,4,4,BE221,22,hadtt39
4,MAD101,4,4,BE301,22,hoaibm
4,MAD101,4,4,BE302,22,hoant214
4,MAD101,4,4,BE303,22,huectm
4,MAD101,4,4,BE304,22,hunglb3
4,MAD101,4,4,BE305,22,hungnh42
4,MAD101,4,4,BE306,22,huongct12
4,MAD101,4,4,BE307,22,huongnt317
4,MAD101,4,4,BE308,22,huongntq12
4,MAD101,4,4,BE309,22,huongtg
4,MAD101,4,4,BE310,22,huybq20
4,MAD101,4,4,BE311,22,huyenbtt10
4,MAD101,4,4,BE312,22,khanhtth2
4,MAD101,4,4,BE313,22,ngocnta7
4,MAD101,4,4,BE314,22,nguyennh11
4,MAD101,4,4,BE315,22,nhungdtp
4,MAD101,4,4,BE316,22,thanhnp19
4,MAD101,4,4,BE317,22,thaopn5
4,MAD101,4,4,BE318,22,thiennv
4,MAD101,4,4,BE319,22,thulh
4,MAD101,4,4,BE320,22,thuybt26
4,MAD101,4,4,BE321,22,trangntd10
4,MAD101,4,4,BE401,22,trieuptt
4,MAD101,4,4,BE402,22,trungcd
4,MAD101,4,4,BE403,22,trungpb
4,MAD101,4,4,BE404,22,truongnv67
4,MAD101,4,4,BE405,22,tuanhm
4,MAD101,4,4,BE406,22,vandt4
4,MAD101,4,4,BE407,22,vandtt
4,MAD101,4,4,BE408,22,vunh
4,MAD101,4,4,BE409,21,yennth126
4,CAA201,5,5,BE209,21,hungnh42
4,CAA201,5,5,BE210,21,linhct4
4,CAA201,5,5,BE212,21,nguyennh11
4,CAA201,5,5,BE213,21,oanhnt75
4,CAA201,5,5,BE214,21,thangpq8
4,CAA201,5,5,BE215,21,trieuptt
4,CAA201,5,5,BE216,17,tuanhm
4,FIN202,5,5,BE217,21,caupd
4,FIN202,5,5,BE218,21,dinhvd4
4,FIN202,5,5,BE219,21,huyenbtt10
4,FIN202,5,5,BE220,21,huyenttt2
4,FIN202,5,5,BE221,21,khaidq6
4,FIN202,5,5,BE301,21,longhh6
4,FIN202,5,5,BE302,21,nguyetntm
4,FIN202,5,5,BE303,21,nhungdtp
4,FIN202,5,5,BE304,21,thaopn5
4,FIN202,5,5,BE305,21,tiennd32
4,FIN202,5,5,BE306,21,trangdtt71
4,FIN202,5,5,BE307,21,vunh
4,FIN202,5,5,BE308,14,yennth126
4,IAA202,5,5,BE309,13,hoaibm
4,IAA202,5,5,BE310,12,khanhtth2
4,MAI391,5,6,BE311,19,anhnh88
4,MAI391,5,6,BE312,19,luongdt10
4,MAI391,5,6,BE313,19,ngocnt5
4,MAI391,5,6,BE314,18,thanhpv24
4,FBM201,6,6,BE209,12,duongtb
4,FBM201,6,6,BE210,11,huyennt206
4,ISC302,6,6,BE212,19,duongtt35
4,JSC201,6,6,BE213,15,nguyennh11
4,MKT202,6,6,BE214,21,ducdm39
4,MKT202,6,6,BE215,21,hatt57
4,MKT202,6,6,BE216,21,hoaibm
4,MKT202,6,6,BE217,21,huyvv10
4,MKT202,6,6,BE218,21,longhh6
4,MKT202,6,6,BE219,21,ngavv
4,MKT202,6,6,BE220,21,nguyetntm
4,MKT202,6,6,BE221,21,nhungdtp
4,MKT202,6,6,BE301,21,thaopn5
4,MKT202,6,6,BE302,21,trangdm3
4,MKT202,6,6,BE303,21,trinhntt37
4,MKT202,6,6,BE304,16,yennth126
4,MLN131,6,6,BE305,21,hieudt46
4,MLN131,6,6,BE306,21,huongnt317
4,MLN131,6,6,BE307,21,huybq20
4,MLN131,6,6,BE308,21,thulh
4,SEM101,6,6,BE309,20,trangdtt71
5,ACC302,1,1,HB/202R,18,bichvtn9
5,DGT301,1,1,HB/204R,20,hoanm8
5,DGT301,1,1,BE201,20,huectm
5,DGT301,1,1,BE202,20,huyenttt2
5,GEM201,1,1,BE203,11,phuongltl4
5,IMT301,1,1,BE204,14,annt79
5,IMT301,1,1,BE205,14,hienntt
5,ITA301,1,2,BE208,15,donnt3
5,PRE202,1,3,BE209,22,huyennn17
5,PRE202,1,3,BE210,22,nguyennm2
5,PRN221,1,1,BE212,22,dunglv5
5,PRN221,1,1,BE213,22,hapt27
5,PRN221,1,1,BE214,22,hoaibm
5,PRN221,1,1,BE215,22,huent
5,PRN221,1,1,BE216,22,huongnt317
5,PRN221,1,1,BE217,22,huyentt
5,PRN221,1,1,BE218,22,huyenvt23
5,PRN221,1,1,BE219,22,lanntt
5,PRN221,1,1,BE220,22,thuydtp
5,PRN221,1,1,BE221,22,thuyntb3
5,PRN221,1,1,BE301,22,trangntq41
5,PRN221,1,1,BE302,22,truongnq24
5,SCM201,1,1,BE303,21,bontv
5,SCM201,1,1,BE304,21,hanglt40
5,SCM201,1,1,BE305,21,hienda
5,SCM201,1,1,BE306,21,longndd
5,SCM201,1,1,BE307,21,ngoccta3
5,SCM201,1,1,BE308,21,tuanvm2
5,SCM201,1,1,BE309,19,tunght32
5,ECO121,2,2,HB/202R,22,anhnh88
5,ECO121,2,2,HB/204R,22,annt79
5,ECO121,2,2,BE201,22,bantq
5,ECO121,2,2,BE202,22,chinth
5,ECO121,2,2,BE203,22,hadtt
5,ECO121,2,2,BE204,22,hanglt40
5,ECO121,2,2,BE205,22,hapt27
5,ECO121,2,2,BE212,22,hieudt46
5,ECO121,2,2,BE213,22,hoanglh24
5,ECO121,2,2,BE214,22,hoant214
5,ECO121,2,2,BE215,22,hoaptt8
5,ECO121,2,2,BE216,22,huectm
5,ECO121,2,2,BE217,22,huent
5,ECO121,2,2,BE218,22,huongct12
5,ECO121,2,2,BE219,22,huongntq12
5,ECO121,2,2,BE220,22,kiennt
5,ECO121,2,2,BE221,22,linhpp2
5,ECO121,2,2,BE301,22,maicv2
5,ECO121,2,2,BE302,22,minhtt27
5,ECO121,2,2,BE303,22,nganvtt15
5,ECO121,2,2,BE304,22,ngocntm25
5,ECO121,2,2,BE305,22,nhuonglt
5,ECO121,2,2,BE306,22,thangtq27
5,ECO121,2,2,BE307,22,thuba2
5,ECO121,2,2,BE308,22,thuyntb3
5,ECO121,2,2,BE309,16,tuanhm28
5,ENP102,2,2,BE310,20,anhptl19
5,ENP102,2,2,BE311,20,chinhnt29
5,ENP102,2,2,BE312,19,hoaibm
5,IOS301,2,2,BE313,6,anhltp3
5,JIG301,2,2,BE314,21,ngoccta3
5,ECO111,3,3,HB/202R,22,bichvtn9
5,ECO111,3,3,HB/204R,22,binhlt54
5,ECO111,3,3,BE201,22,bontv
5,ECO111,3,3,BE202,22,chinhnt29
5,ECO111,3,3,BE203,22,chungtt10
5,ECO111,3,3,BE204,22,hadtt39
5,ECO111,3,3,BE205,22,hailt
5,ECO111,3,3,BE208,22,hanglt40
5,ECO111,3,3,BE212,22,hienda
5,ECO111,3,3,BE213,22,hienntt
5,ECO111,3,3,BE214,22,hieudt46
5,ECO111,3,3,BE215,22,hieuqt
5,ECO111,3,3,BE216,22,hoanm8
5,ECO111,3,3,BE217,22,hoaptt8
5,ECO111,3,3,BE218,22,hongnd5
5,ECO111,3,3,BE219,22,huongnt317
5,ECO111,3,3,BE220,22,huongntq12
5,ECO111,3,3,BE221,22,huyenvt23
5,ECO111,3,3,BE301,22,huyvv10
5,ECO111,3,3,BE302,22,lanntt
5,ECO111,3,3,BE303,22,linhhln(ctsv)
5,ECO111,3,3,BE304,22,linhkc
5,ECO111,3,3,BE305,22,linhpp2
5,ECO111,3,3,BE306,22,longndd
5,ECO111,3,3,BE307,22,maicv2
5,ECO111,3,3,BE308,22,maitt
5,ECO111,3,3,BE309,22,ngoccta3
5,ECO111,3,3,BE310,22,ngocntm25
5,ECO111,3,3,BE311,22,thuba2
5,ECO111,3,3,BE312,22,thudt
5,ECO111,3,3,BE313,22,thuybt26
5,ECO111,3,3,BE314,22,thuybt4
5,ECO111,3,3,BE315,22,thuydtp
5,ECO111,3,3,BE316,22,trangdm3
5,ECO111,3,3,BE317,22,trangntq41
5,ECO111,3,3,BE318,22,trungpb
5,ECO111,3,3,BE319,22,truongnq24
5,ECO111,3,3,BE320,22,tuanvm2
5,ECO111,3,3,BE321,9,yennxh
5,RES201,3,3,BE401,19,phuongltl4
5,CHN122,4,6,HB/202R,22,annh21
5,CHN122,4,6,HB/204R,22,chinth
5,CHN122,4,6,BE201,22,cuonghd7
5,CHN122,4,6,BE202,22,dunglv5
5,CHN122,4,6,BE203,22,hailt
5,CHN122,4,6,BE204,22,hanhvb
5,CHN122,4,6,BE205,22,hapt27
5,CHN122,4,6,BE208,22,hoaptt8
5,CHN122,4,6,BE209,22,huent
5,CHN122,4,6,BE210,22,huyvv10
5,CHN122,4,6,BE212,22,linhndm3
5,CHN122,4,6,BE213,22,nganvtt15
5,CHN122,4,6,BE214,22,ngocntm25
5,CHN122,4,6,BE215,22,phuongltl4
5,CHN122,4,6,BE216,22,tamnt122
5,CHN122,4,6,BE217,22,thomlth2
5,CHN122,4,6,BE218,22,thuybt4
5,CHN122,4,6,BE219,22,tunt57
5,CHN122,4,6,BE220,18,yennxh
5,DAP391m,4,5,BE221,20,anhltp3
5,DAP391m,4,5,BE301,20,bantq
5,DAP391m,4,5,BE302,20,dattt67
5,DAP391m,4,5,BE303,18,huyentt
5,DBM301,4,4,BE304,14,chungtt10
5,DBM301,4,4,BE305,13,thuyntb3
5,JPD126,4,6,BE306,14,duongtt35
5,JPD126,4,6,BE307,14,linhpp2
5,JPD326,4,4,BE308,12,minhtt27
5,JPD326,4,4,BE309,12,thuba2
5,KOR411,4,6,BE310,20,ngoccta3
5,SST301,5,5,BE304,5,hoanm8
5,CSD203,6,6,BE221,21,bichvtn9
5,CSD203,6,6,BE301,21,thanhltk
5,CSD203,6,6,BE302,21,thiennv
5,CSD203,6,6,BE303,19,thuybt26
5,ECB101,6,6,BE304,14,anhltp3
5,ECB101,6,6,BE305,14,lanntt
5,IMP301,6,6,BE308,21,anhptl19
5,IMP301,6,6,BE309,21,chinhnt29
5,IMP301,6,6,BE311,19,donnt3
6,CSD201,1,1,HB/202R,22,andh9
6,CSD201,1,1,HB/204R,22,anhht68
6,CSD201,1,1,BE201,22,anhnh88
6,CSD201,1,1,BE202,22,annh21
6,CSD201,1,1,BE203,22,cuonghd7
6,CSD201,1,1,BE204,22,duynvq2
6,CSD201,1,1,BE205,22,hoptt
6,CSD201,1,1,BE208,22,huongct12
6,CSD201,1,1,BE209,22,huongntq12
6,CSD201,1,1,BE210,22,khanhtth2
6,CSD201,1,1,BE212,22,khuongpd
6,CSD201,1,1,BE213,22,kiennt
6,CSD201,1,1,BE214,22,linhpp2
6,CSD201,1,1,BE215,22,ngocntm25
6,CSD201,1,1,BE216,22,nhungdth23
6,CSD201,1,1,BE217,22,phucd
6,CSD201,1,1,BE218,22,quangnm42
6,CSD201,1,1,BE219,22,sangnv
6,CSD201,1,1,BE220,22,thangnv81
6,CSD201,1,1,BE221,22,thinhnt36
6,CSD201,1,1,BE301,22,thopn3
6,CSD201,1,1,BE302,22,thulh
6,CSD201,1,1,BE303,22,thuyntt35
6,CSD201,1,1,BE304,22,trangnm24
6,CSD201,1,1,BE305,22,trungpb
6,CSD201,1,1,BE306,22,trungph6
6,CSD201,1,1,BE307,22,truongnq24
6,CSD201,1,1,BE308,22,tungnq20
6,CSD201,1,1,BE309,5,vandtk2
6,ELT301,1,1,BE310,20,ngocnta7
6,LOG311,1,1,BE311,21,hungnq84
6,NWC302,1,1,BE312,10,binhlt54
6,CSI104,2,2,HB/202R,22,andh9
6,CSI104,2,2,HB/204R,22,anhht68
6,CSI104,2,2,BE201,22,anhnh88
6,CSI104,2,2,BE202,22,anhntt2
6,CSI104,2,2,BE203,22,anhnv64
6,CSI104,2,2,BE204,22,annh21
6,CSI104,2,2,BE205,22,annt21
6,CSI104,2,2,BE208,22,caupd
6,CSI104,2,2,BE209,22,cuonghd7
6,CSI104,2,2,BE210,22,doanhd
6,CSI104,2,2,BE212,22,dungltk
6,CSI104,2,2,BE213,22,dungvt41
6,CSI104,2,2,BE214,22,duongbt10
6,CSI104,2,2,BE215,22,duongtt35
6,CSI104,2,2,BE216,22,duynq30
6,CSI104,2,2,BE217,22,duynvq2
6,CSI104,2,2,BE218,22,haiptm7
6,CSI104,2,2,BE219,22,hann13
6,CSI104,2,2,BE220,22,hatt57
6,CSI104,2,2,BE221,22,hienda
6,CSI104,2,2,BE301,22,hieuqt
6,CSI104,2,2,BE302,22,hoanglh24
6,CSI104,2,2,BE303,22,hoant214
6,CSI104,2,2,BE304,22,hoantq
6,CSI104,2,2,BE305,22,hoaptt8
6,CSI104,2,2,BE306,22,hongnd5
6,CSI104,2,2,BE307,22,hoptt
6,CSI104,2,2,BE308,22,huent
6,CSI104,2,2,BE309,22,hungdc
6,CSI104,2,2,BE310,22,hunglh
6,CSI104,2,2,BE311,22,huongct12
6,CSI104,2,2,BE312,22,huongntq12
6,CSI104,2,2,BE313,22,huyenbtt10
6,CSI104,2,2,BE314,22,huyenntt104
6,CSI104,2,2,BE315,22,khaidq6
6,CSI104,2,2,BE316,22,khanhh
6,CSI104,2,2,BE317,22,khanhtth2
6,CSI104,2,2,BE318,22,kiennt
6,CSI104,2,2,BE319,22,kyvk2
6,CSI104,2,2,BE320,22,linhct4
6,CSI104,2,2,BE321,22,linhkc
6,CSI104,2,2,BE401,22,longndd
6,CSI104,2,2,BE402,22,luongdt10
6,CSI104,2,2,BE403,22,luongnt14
6,CSI104,2,2,BE404,22,lynth28
6,CSI104,2,2,BE405,22,maitt
6,CSI104,2,2,BE406,22,minhpq15
6,CSI104,2,2,BE407,22,minhtt27
6,CSI104,2,2,BE408,22,minhvt17
6,CSI104,2,2,BE409,22,nangnth
6,CSI104,2,2,BE410,22,ngoandt5
6,CSI104,2,2,BE411,22,nguyetntm
6,CSI104,2,2,BE412,22,nhatna3
6,CSI104,2,2,BE413,22,nhungdth23
6,CSI104,2,2,BE414,22,phucd
6,CSI104,2,2,BE415,22,phuonglv8
6,CSI104,2,2,BE416,22,quangnm42
6,CSI104,2,2,BE417,22,quantl3
6,CSI104,2,2,BE418,22,quynhvth2
6,CSI104,2,2,BE419,22,sangnv
6,CSI104,2,2,BE420,22,tamnt
6,CSI104,2,2,BE421,22,thangnt44
6,CSI104,2,2,AL201,22,thangnt59
6,CSI104,2,2,AL202,22,thangnv75
6,CSI104,2,2,AL203,22,thangnv81
6,CSI104,2,2,AL204,22,thaodtt31
6,CSI104,2,2,AL205,22,thiennv
6,CSI104,2,2,AL208,22,thinhnt36
6,CSI104,2,2,AL209,22,thopn3
6,CSI104,2,2,AL210,22,thudt
6,CSI104,2,2,AL212,22,thulh
6,CSI104,2,2,AL213,22,thulx
6,CSI104,2,2,AL214,22,thuyntt35
6,CSI104,2,2,AL215,22,thuyvtp3
6,CSI104,2,2,AL216,22,tramnn19
6,CSI104,2,2,AL217,22,tritd
6,CSI104,2,2,AL218,22,trongnv29
6,CSI104,2,2,AL219,22,trungph6
6,CSI104,2,2,AL220,22,truonghm
6,CSI104,2,2,AL301,22,truongnq24
6,CSI104,2,2,AL302,22,truongnv67
6,CSI104,2,2,AL303,22,tudq5
6,CSI104,2,2,AL304,22,tunt57
6,CSI104,2,2,AL305,22,vandtk2
6,CSI104,2,2,AL306,22,vanph18
6,CSI104,2,2,AL307,22,vuda
6,CSI104,2,2,AL308,5,yennxh
6,MED201,3,3,HB/202R,21,hoaptt8
6,MED201,3,3,HB/204R,21,huybq20
6,MED201,3,3,BE201,21,khanhtth2
6,MED201,3,3,BE202,21,minhvt17
6,MED201,3,3,BE203,21,ngadtt22
6,MED201,3,3,BE204,21,thudt
6,MED201,3,3,BE205,21,thulh
6,MED201,3,3,BE208,21,tiennd32
6,MED201,3,3,BE209,21,trungpb
6,MED201,3,3,BE210,21,tungnq20
6,MED201,3,3,BE212,13,tunt57
6,OSG202,3,3,BE213,22,andh9
6,OSG202,3,3,BE214,22,anhht68
6,OSG202,3,3,BE215,22,anhnh88
6,OSG202,3,3,BE216,22,anhntt2
6,OSG202,3,3,BE217,22,annt21
6,OSG202,3,3,BE218,22,diepld
6,OSG202,3,3,BE219,22,dungvt41
6,OSG202,3,3,BE220,22,hadtt39
6,OSG202,3,3,BE221,22,hanhnth3
6,OSG202,3,3,BE301,22,hienda
6,OSG202,3,3,BE302,22,huectm
6,OSG202,3,3,BE303,22,huyenbtt10
6,OSG202,3,3,BE304,22,huyenntt104
6,OSG202,3,3,BE305,22,huyenpk
6,OSG202,3,3,BE306,22,khuongpd
6,OSG202,3,3,BE307,22,linhct4
6,OSG202,3,3,BE308,22,longhh6
6,OSG202,3,3,BE309,22,luongdt10
6,OSG202,3,3,BE310,22,luongnt14
6,OSG202,3,3,BE311,22,maitt
6,OSG202,3,3,BE312,22,ngochth
6,OSG202,3,3,BE313,22,phucd
6,OSG202,3,3,BE314,22,quynhvth2
6,OSG202,3,3,BE315,22,tamnt122
6,OSG202,3,3,BE316,22,thangnt44
6,OSG202,3,3,BE317,22,thangnv81
6,OSG202,3,3,BE318,22,thopn3
6,OSG202,3,3,BE319,22,tramnn19
6,OSG202,3,3,BE320,22,trangnm24
6,OSG202,3,3,BE321,22,trangntq41
6,OSG202,3,3,BE401,22,tritd
6,OSG202,3,3,BE402,22,truonghm
6,OSG202,3,3,BE403,22,vanph18
6,OSG202,3,3,BE404,22,vinhpt20
6,OSG202,3,3,BE405,15,ynt4
6,MAS291,4,4,HB/202R,22,andh9
6,MAS291,4,4,HB/204R,22,anhkd
6,MAS291,4,4,BE201,22,anhnh88
6,MAS291,4,4,BE202,22,anhnv64
6,MAS291,4,4,BE203,22,annt21
6,MAS291,4,4,BE204,22,bontv
6,MAS291,4,4,BE205,22,cuonghd7
6,MAS291,4,4,BE208,22,dungltk
6,MAS291,4,4,BE209,22,duongtt35
6,MAS291,4,4,BE210,22,haiptm7
6,MAS291,4,4,BE212,22,hienda
6,MAS291,4,4,BE213,22,hoant214
6,MAS291,4,4,BE214,22,hoantq
6,MAS291,4,4,BE215,22,hongnd5
6,MAS291,4,4,BE216,22,huongct12
6,MAS291,4,4,BE217,22,huongntq12
6,MAS291,4,4,BE218,22,huybq20
6,MAS291,4,4,BE219,22,huyenntt104
6,MAS291,4,4,BE220,22,huyenpk
6,MAS291,4,4,BE221,22,khanhh
6,MAS291,4,4,BE301,22,kiennt
6,MAS291,4,4,BE302,22,kyvk2
6,MAS291,4,4,BE303,22,longndd
6,MAS291,4,4,BE304,22,luongdt10
6,MAS291,4,4,BE305,22,luongnt14
6,MAS291,4,4,BE306,22,ngoandt5
6,MAS291,4,4,BE307,22,ngocnta7
6,MAS291,4,4,BE308,22,nguyetntm
6,MAS291,4,4,BE309,22,nhatna3
6,MAS291,4,4,BE310,22,nhungdth23
6,MAS291,4,4,BE311,22,phuonglv8
6,MAS291,4,4,BE312,22,quangnm42
6,MAS291,4,4,BE313,22,quantl3
6,MAS291,4,4,BE314,22,quyph
6,MAS291,4,4,BE315,22,thangnv81
6,MAS291,4,4,BE316,22,thinhnt36
6,MAS291,4,4,BE317,22,thulx
6,MAS291,4,4,BE318,22,thuydk2
6,MAS291,4,4,BE319,22,thuyntt35
6,MAS291,4,4,BE320,22,thuyvtp3
6,MAS291,4,4,BE321,22,trangntq41
6,MAS291,4,4,BE401,22,tritd
6,MAS291,4,4,BE402,22,tudq5
6,MAS291,4,4,BE403,22,vanph18
6,MAS291,4,4,BE404,22,vinhpt20
6,MAS291,4,4,BE405,10,ynt4
6,LTG203,5,5,HB/202R,7,huyenntt104
6,MKT301,5,5,HB/204R,18,caupd
6,MKT301,5,5,BE201,18,khaidq6
6,MKT301,5,5,BE202,17,thulx
6,PFP191,5,5,BE203,22,chinhcd
6,PFP191,5,5,BE204,22,hunglh
6,PFP191,5,5,BE205,22,huyennt206
6,PFP191,5,5,BE208,22,luongdt10
6,PFP191,5,5,BE209,22,sangnv
6,PFP191,5,5,BE210,22,thangnv81
6,PFP191,5,5,BE212,22,trongnv29
6,PFP191,5,5,BE213,22,tunt57
6,PFP191,5,5,BE214,14,vanph18
6,SWD392,5,5,BE215,22,anhkd
6,SWD392,5,5,BE216,22,duongbt10
6,SWD392,5,5,BE217,22,huongntq12
6,SWD392,5,5,BE218,22,khanhtth2
6,SWD392,5,5,BE219,22,kyvk2
6,SWD392,5,5,BE220,22,lynth28
6,SWD392,5,5,BE221,22,nangnth
6,SWD392,5,5,BE301,22,ngocntm25
6,SWD392,5,5,BE302,22,nguyetntm
6,SWD392,5,5,BE303,22,quantl3
6,SWD392,5,5,BE304,22,quyph
6,SWD392,5,5,BE305,22,tamnt122
6,SWD392,5,5,BE306,22,thangnt44
6,SWD392,5,5,BE307,22,thangpd10
6,SWD392,5,5,BE308,22,thulh
6,SWD392,5,5,BE309,22,thuyntt35
6,SWD392,5,5,BE310,22,thuyvtp3
6,SWD392,5,5,BE311,22,tiennd32
6,SWD392,5,5,BE312,22,trangnm24
6,SWD392,5,5,BE313,22,trungpb
6,SWD392,5,5,BE314,16,ynt4
6,ACC101,6,6,HB/202R,22,andh9
6,ACC101,6,6,HB/204R,22,anhkd
6,ACC101,6,6,BE201,22,anhnv64
6,ACC101,6,6,BE202,22,annt21
6,ACC101,6,6,BE203,22,binhlt54
6,ACC101,6,6,BE204,22,bontv
6,ACC101,6,6,BE205,22,duongbt10
6,ACC101,6,6,BE208,22,duynvq2
6,ACC101,6,6,BE209,22,hatt57
6,ACC101,6,6,BE210,22,hienda
6,ACC101,6,6,BE212,22,hoant214
6,ACC101,6,6,BE213,22,hoaptt8
6,ACC101,6,6,BE214,22,hoptt
6,ACC101,6,6,BE215,22,hungdc
6,ACC101,6,6,BE216,22,huongntq12
6,ACC101,6,6,BE217,22,huyennt206
6,ACC101,6,6,BE218,22,huyenntt104
6,ACC101,6,6,BE219,22,huynhld3
6,ACC101,6,6,BE220,22,linhkc
6,ACC101,6,6,BE221,22,linhpp2
6,ACC101,6,6,BE301,22,longdt12
6,ACC101,6,6,BE302,22,minhpq15
6,ACC101,6,6,BE303,22,minhvt17
6,ACC101,6,6,BE304,22,nangnth
6,ACC101,6,6,BE305,22,ngoandt5
6,ACC101,6,6,BE306,22,nhungdth23
6,ACC101,6,6,BE307,22,phuonglv8
6,ACC101,6,6,BE308,22,quangnm42
6,ACC101,6,6,BE309,22,thangnt59
6,ACC101,6,6,BE310,22,thaodtt31
6,ACC101,6,6,BE311,22,thiennv
6,ACC101,6,6,BE312,22,thinhnt36
6,ACC101,6,6,BE313,22,thuydk2
6,ACC101,6,6,BE314,22,thuyvtp3
6,ACC101,6,6,BE315,22,trangnm24
6,ACC101,6,6,BE316,22,tungnq20
6,ACC101,6,6,BE317,22,vandtk2
6,ACC101,6,6,BE318,22,vanph18
6,ACC101,6,6,BE319,4,ynt4
7,CCO201,1,3,HB/202R,21,bachlv3
7,CCO201,1,3,HB/204R,21,chungtt10
7,CCO201,1,3,BE201,21,huyenpk
7,CCO201,1,3,BE202,21,nguyennm2
7,CCO201,1,3,BE203,21,thangnv75
7,CCO201,1,3,BE204,21,trangntq41
7,CCO201,1,3,BE205,20,trungnb
7,IAP301,1,1,BE208,19,huyenbtt10
7,IAP301,1,1,BE209,19,longndd
7,LIT301,1,1,BE210,15,huent
7,LIT301,1,1,BE212,14,minhvt17
7,PRU221m,1,1,BE213,21,anhptl19
7,PRU221m,1,1,BE214,21,annh21
7,PRU221m,1,1,BE215,21,dattt67
7,PRU221m,1,1,BE216,21,maicv2
7,PRU221m,1,1,BE217,20,thangnv81
7,RES213,1,1,BE218,14,ngocnta7
7,SCM301m,1,1,BE219,19,duongpv14
7,SCM301m,1,1,BE220,19,hann13
7,SCM301m,1,1,BE221,19,ngochth
7,SCM301m,1,1,BE301,19,thomlth2
7,SCM301m,1,1,BE302,15,thopn3
7,MAS202,2,2,BE208,22,anhht47
7,MAS202,2,2,BE209,22,anhpv
7,MAS202,2,2,BE210,22,annt21
7,MAS202,2,2,BE212,22,duynq30
7,MAS202,2,2,BE213,22,hangtt59
7,MAS202,2,2,BE214,22,hantv
7,MAS202,2,2,BE215,22,hienda
7,MAS202,2,2,BE216,22,hoaibm
7,MAS202,2,2,BE217,22,hoalth
7,MAS202,2,2,BE218,22,huyenttt2
7,MAS202,2,2,BE219,22,khuongpd
7,MAS202,2,2,BE220,22,loanbt7
7,MAS202,2,2,BE221,22,maitt
7,MAS202,2,2,BE301,22,minhvt17
7,MAS202,2,2,BE302,22,nguyetntm
7,MAS202,2,2,BE303,22,quynhvth2
7,MAS202,2,2,BE304,22,tamnt
7,MAS202,2,2,BE305,22,thiennv
7,MAS202,2,2,BE306,22,tienhm7
7,MAS202,2,2,BE307,22,trongnv29
7,MAS202,2,2,BE308,11,tunt57
7,PRN211,2,2,BE309,22,anhpn
7,PRN211,2,2,BE310,22,anhptl19
7,PRN211,2,2,BE311,22,chinhvv
7,PRN211,2,2,BE312,22,dunglv5
7,PRN211,2,2,BE313,22,hatt57
7,PRN211,2,2,BE314,22,hoakt
7,PRN211,2,2,BE315,22,huent
7,PRN211,2,2,BE316,22,huongtg
7,PRN211,2,2,BE317,22,linhvh11
7,PRN211,2,2,BE318,22,maicv2
7,PRN211,2,2,BE319,22,nangnth
7,PRN211,2,2,BE320,22,ngocnta7
7,PRN211,2,2,BE321,22,oanhntk45
7,PRN211,2,2,BE401,22,thangnv81
7,PRN211,2,2,BE402,22,thangpd10
7,PRN211,2,2,BE403,22,thopn3
7,PRN211,2,2,BE404,22,thuydtp
7,PRN211,2,2,BE405,22,trungdt
7,PRN211,2,2,BE406,22,tuyetna2
7,PRN211,2,2,BE407,5,yennxh
7,AIL303m,3,3,BE208,18,chind3
7,AIL303m,3,3,BE209,18,hanglt40
7,AIL303m,3,3,BE210,18,huent
7,AIL303m,3,3,BE212,18,thomlth2
7,AIL303m,3,3,BE213,17,tuyetna2
7,ECR201,3,3,BE214,20,annt21
7,ECR201,3,3,BE215,20,nangnth
7,ECR201,3,3,BE216,19,trungdt
7,ESP301m,3,3,BE217,17,ngadtt22
7,JPB301,3,3,BE218,17,hantv
7,JPB301,3,3,BE219,17,hapt27
7,JPB301,3,3,BE220,15,thuydtp
7,VNR201,3,3,BE221,21,duongnv44
7,VNR201,3,3,BE301,21,duynq30
7,VNR201,3,3,BE302,21,hoant214
7,VNR201,3,3,BE303,21,huonght34
7,VNR201,3,3,BE304,21,longndd
7,VNR201,3,3,BE305,21,maitt
7,VNR201,3,3,BE306,18,yennxh
7,DTA301,4,4,HB/202R,18,trongnv29
7,ELI301,4,6,HB/204R,20,annh21
7,IAM302,4,5,BE201,13,anhpn
7,IAM302,4,5,BE202,12,huyenbtt10
7,IBI101,4,5,BE203,22,duynq30
7,IBI101,4,5,BE204,22,hieudt46
7,IBI101,4,5,BE205,22,sangnv
7,IBI101,4,5,BE208,19,thangtq27
7,IPR102,4,4,BE209,21,bachlv3
7,IPR102,4,4,BE210,21,chinhvv
7,IPR102,4,4,BE212,21,hahkn
7,IPR102,4,4,BE213,21,hantv
7,IPR102,4,4,BE214,21,hapt27
7,IPR102,4,4,BE215,21,hoanm8
7,IPR102,4,4,BE216,21,longndd
7,IPR102,4,4,BE217,21,quynhvth2
7,IPR102,4,4,BE218,21,thangpd10
7,IPR102,4,4,BE219,21,thiennv
7,IPR102,4,4,BE220,21,tunt57
7,IPR102,4,4,BE221,21,yennxh
7,JPD226,4,6,BE301,18,huyenttt2
7,JPD226,4,6,BE302,18,phuonglh17
7,PST202,4,4,BE303,22,anhht47
7,PST202,4,4,BE304,22,chind3
7,PST202,4,4,BE305,22,hanglt40
7,PST202,4,4,BE306,22,hoantq
7,PST202,4,4,BE307,22,huonght34
7,PST202,4,4,BE308,22,ngochth
7,PST202,4,4,BE309,22,phuongkt
7,PST202,4,4,BE310,22,tientd17
7,PST202,4,4,BE311,18,vunh
7,EAW221,5,5,HB/202R,16,dattt67
7,EAW221,5,5,BE209,15,nangnth
7,MKT201,5,5,BE210,21,duongpv14
7,MKT201,5,5,BE212,21,huent
7,MKT201,5,5,BE213,21,huyenpk
7,MKT201,5,5,BE214,21,maitt
7,MKT201,5,5,BE215,21,ngocnta7
7,MKT201,5,5,BE216,21,tamnt
7,MKT201,5,5,BE217,21,thudt
7,MKT201,5,5,BE218,16,tuanlt33
7,MKT309m,5,5,BE219,20,anhpv
7,MKT309m,5,5,BE220,20,hoaibm
7,MKT309m,5,5,BE221,20,hoantq
7,MKT309m,5,5,BE303,20,longndd
7,MKT309m,5,5,BE304,20,phuongkt
7,MKT309m,5,5,BE305,20,trungnb
7,MKT309m,5,5,BE306,20,tuyetna2
7,CSD301,6,6,HB/202R,17,hapt27
7,CSD301,6,6,BE201,17,ngocnta7
7,CSD301,6,6,BE202,16,trangntq41
7,FER201m,6,6,BE203,22,anhpv
7,FER201m,6,6,BE204,22,huyenbtt10
7,FER201m,6,6,BE205,22,nangnth
7,FER201m,6,6,BE208,20,tientd17
7,JPD133,6,6,BE209,18,chinhnt29
7,JPD133,6,6,BE210,18,quynhvth2
7,JPD133,6,6,BE212,16,thudt
7,JSI201,6,6,BE213,15,huyvv10
7,MLT301,6,6,BE214,14,hoantq
7,MLT301,6,6,BE215,14,khuongpd
7,NWC204,6,6,BE216,16,huent
7,NWC204,6,6,BE217,16,ngochth
7,NWC204,6,6,BE218,14,thomlth2
7,RMB301,6,6,BE219,18,lanntt
7,RMB301,6,6,BE220,18,phuongvtm11
7,RMB301,6,6,BE221,17,thopn3
8,ENM301,1,3,HB/202R,22,andh9
8,ENM301,1,3,HB/204R,22,anhntt2
8,ENM301,1,3,BE201,22,annt79
8,ENM301,1,3,BE202,22,chink16
8,ENM301,1,3,BE203,22,datnd3
8,ENM301,1,3,BE204,22,dungttp
8,ENM301,1,3,BE205,22,duongnv44
8,ENM301,1,3,BE208,22,duongtb
8,ENM301,1,3,BE209,22,duynvq2
8,ENM301,1,3,BE210,22,hamtn2
8,ENM301,1,3,BE212,22,hapn
8,ENM301,1,3,BE213,22,hieudv2
8,ENM301,1,3,BE214,22,hoadt35
8,ENM301,1,3,BE215,22,hoalth
8,ENM301,1,3,BE216,22,hoanglh24
8,ENM301,1,3,BE217,22,hoanm8
8,ENM301,1,3,BE218,22,huyenntt97
8,ENM301,1,3,BE219,22,huyenvt23
8,ENM301,1,3,BE220,22,khangpq3
8,ENM301,1,3,BE221,22,loanbt7
8,ENM301,1,3,BE301,22,loanvt
8,ENM301,1,3,BE302,22,longdt12
8,ENM301,1,3,BE303,22,maicv2
8,ENM301,1,3,BE304,22,minhtt27
8,ENM301,1,3,BE305,22,namkv
8,ENM301,1,3,BE306,22,ngochth
8,ENM301,1,3,BE307,22,nhatna3
8,ENM301,1,3,BE308,22,oanhntk45
8,ENM301,1,3,BE309,22,quyph
8,ENM301,1,3,BE310,22,thang nv81
8,ENM301,1,3,BE311,22,thangpd10
8,ENM301,1,3,BE312,22,thaodtt31
8,ENM301,1,3,BE313,22,thaopn5
8,ENM301,1,3,BE314,22,thuyntb3
8,ENM301,1,3,BE315,22,thuyvtp3
8,ENM301,1,3,BE316,22,trungnb
8,ENM301,1,3,BE317,22,tuanlt33
8,ENM301,1,3,BE318,22,vandt4
8,ENM301,1,3,BE319,2,vietth9
8,PRX301,3,3,BE320,21,hongnd5
8,PRX301,3,3,BE321,20,vanph18
8,MAE101,4,4,HB/202R,22,andh9
8,MAE101,4,4,HB/204R,22,anhht68
8,MAE101,4,4,BE201,22,anhkd
8,MAE101,4,4,BE202,22,anhnh2
8,MAE101,4,4,BE203,22,anhntq43
8,MAE101,4,4,BE204,22,anhptl19
8,MAE101,4,4,BE205,22,annh21
8,MAE101,4,4,BE208,22,annt21
8,MAE101,4,4,BE209,22,annt79
8,MAE101,4,4,BE210,22,bantq
8,MAE101,4,4,BE212,22,chink16
8,MAE101,4,4,BE213,22,chinth
8,MAE101,4,4,BE214,22,chungtt10
8,MAE101,4,4,BE215,22,cuonghd7
8,MAE101,4,4,BE216,22,datnd3
8,MAE101,4,4,BE217,22,dattt67
8,MAE101,4,4,BE218,22,dinhvd4
8,MAE101,4,4,BE219,22,dunglq19
8,MAE101,4,4,BE220,22,dungttp
8,MAE101,4,4,BE221,22,duongbt10
8,MAE101,4,4,BE301,22,duongnv44
8,MAE101,4,4,BE302,22,duongtb
8,MAE101,4,4,BE303,22,duyenlt
8,MAE101,4,4,BE304,22,hadtt39
8,MAE101,4,4,BE305,22,hamtn2
8,MAE101,4,4,BE306,22,hanhnth3
8,MAE101,4,4,BE307,22,hapn
8,MAE101,4,4,BE308,22,hapt27
8,MAE101,4,4,BE309,22,hatt57
8,MAE101,4,4,BE310,22,hienntt
8,MAE101,4,4,BE311,22,hieudv2
8,MAE101,4,4,BE312,22,hieuqt
8,MAE101,4,4,BE313,22,hoadt35
8,MAE101,4,4,BE314,22,hoakt
8,MAE101,4,4,BE315,22,hoalth
8,MAE101,4,4,BE316,22,hoanglh24
8,MAE101,4,4,BE317,22,hoant214
8,MAE101,4,4,BE318,22,hongnd5
8,MAE101,4,4,BE319,22,hoptt
8,MAE101,4,4,BE320,22,hunglb3
8,MAE101,4,4,BE321,22,hungnh42
8,MAE101,4,4,BE401,22,hungnq84
8,MAE101,4,4,BE402,22,huybq20
8,MAE101,4,4,BE403,22,huyennt206
8,MAE101,4,4,BE404,22,huyenntt97
8,MAE101,4,4,BE405,22,huyenpk
8,MAE101,4,4,BE406,22,huyenttt2
8,MAE101,4,4,BE407,22,huyenvt23
8,MAE101,4,4,BE408,22,linhkc
8,MAE101,4,4,BE409,22,loanbt7
8,MAE101,4,4,BE410,22,loanvt
8,MAE101,4,4,BE411,22,longdt12
8,MAE101,4,4,BE412,22,longhh6
8,MAE101,4,4,BE413,22,luongnt14
8,MAE101,4,4,BE414,22,lynth28
8,MAE101,4,4,BE415,22,maicv2
8,MAE101,4,4,BE416,22,minhnt79
8,MAE101,4,4,BE417,22,minhtt27
8,MAE101,4,4,BE418,22,namkv
8,MAE101,4,4,BE419,22,nganvtt15
8,MAE101,4,4,BE420,22,ngavv
8,MAE101,4,4,BE421,22,ngochth
8,MAE101,4,4,AL201,22,nhatna3
8,MAE101,4,4,AL202,22,oanhntk45
8,MAE101,4,4,AL203,22,phuongltl4
8,MAE101,4,4,AL204,22,phuongvtm11
8,MAE101,4,4,AL205,22,quynhvth2
8,MAE101,4,4,AL208,22,quyph
8,MAE101,4,4,AL209,22,tamnt
8,MAE101,4,4,AL210,22,thangnt59
8,MAE101,4,4,AL212,22,thangpd10
8,MAE101,4,4,AL213,22,thangtq27
8,MAE101,4,4,AL214,22,thanhdt59
8,MAE101,4,4,AL215,22,thanhpv24
8,MAE101,4,4,AL216,22,thaopn5
8,MAE101,4,4,AL217,22,thomlth2
8,MAE101,4,4,AL218,22,thopn3
8,MAE101,4,4,AL219,22,thuba2
8,MAE101,4,4,AL220,22,thuyntb3
8,MAE101,4,4,AL301,22,thuypt71
8,MAE101,4,4,AL302,22,thuyvtp3
8,MAE101,4,4,AL303,22,thuyvtt
8,MAE101,4,4,AL304,22,tientd17
8,MAE101,4,4,AL305,22,tramnn19
8,MAE101,4,4,AL306,22,trangntd10
8,MAE101,4,4,AL307,22,trinhntt37
8,MAE101,4,4,AL308,22,trongnv29
8,MAE101,4,4,AL309,22,trungnb
8,MAE101,4,4,AL310,22,tuanhm
8,MAE101,4,4,AL311,22,tuanlt33
8,MAE101,4,4,AL312,22,tudq5
8,MAE101,4,4,AL313,22,vandtk2
8,MAE101,4,4,AL314,22,vietth9
8,MAE101,4,4,AL315,22,yennxh
8,MAE101,4,4,AL316,8,ynt4
8,ADY201m,5,5,HB/202R,18,minhnt79
8,ADY201m,5,5,HB/204R,18,sangnv
8,ADY201m,5,5,BE201,18,vietth9
8,EVN201,5,5,BE202,22,dattt67
8,EVN201,5,5,BE203,22,hoakt
8,EVN201,5,5,BE204,22,hongnd5
8,EVN201,5,5,BE205,22,hoptt
8,EVN201,5,5,BE208,22,huyenttt2
8,EVN201,5,5,BE209,22,nhatna3
8,EVN201,5,5,BE210,18,trungnb
8,ISC301,5,5,BE212,13,hadtt39
8,ISC301,5,5,BE213,13,huyenpk
8,JLR302,5,5,BE214,20,bantq
8,JSC301,5,5,BE215,13,huyenntt97
8,SSB201,5,5,BE216,22,anhht68
8,SSB201,5,5,BE217,22,duongtb
8,SSB201,5,5,BE218,22,hamtn2
8,SSB201,5,5,BE219,22,hanhnth3
8,SSB201,5,5,BE220,22,hieudv2
8,SSB201,5,5,BE221,22,hieuqt
8,SSB201,5,5,BE301,22,hungnh42
8,SSB201,5,5,BE302,22,huybq20
8,SSB201,5,5,BE303,22,huyenvt23
8,SSB201,5,5,BE304,22,thangpd10
8,SSB201,5,5,BE305,22,thanhdt59
8,SSB201,5,5,BE306,22,thaopn5
8,SSB201,5,5,BE307,22,thuyvtp3
8,SSB201,5,5,BE308,22,trinhntt37
8,SSB201,5,5,BE309,16,tudq5
8,PRO192,6,6,HB/202R,22,caupd
8,PRO192,6,6,HB/204R,22,datnd3
8,PRO192,6,6,BE201,22,duongnv44
8,PRO192,6,6,BE202,22,duyenlt
8,PRO192,6,6,BE203,22,hahkn
8,PRO192,6,6,BE204,22,hanhnth3
8,PRO192,6,6,BE205,22,hatt57
8,PRO192,6,6,BE208,22,hoakt
8,PRO192,6,6,BE209,22,hoalth
8,PRO192,6,6,BE210,22,hoant214
8,PRO192,6,6,BE212,22,hungnh42
8,PRO192,6,6,BE213,22,hungnq84
8,PRO192,6,6,BE214,22,huyennt206
8,PRO192,6,6,BE215,22,huyenvt23
8,PRO192,6,6,BE216,22,khangpq3
8,PRO192,6,6,BE217,22,linhkc
8,PRO192,6,6,BE218,22,longdt12
8,PRO192,6,6,BE219,22,luongnt14
8,PRO192,6,6,BE220,22,maicv2
8,PRO192,6,6,BE221,22,namkv
8,PRO192,6,6,BE301,22,ngochth
8,PRO192,6,6,BE302,22,nhatna3
8,PRO192,6,6,BE303,22,nhungdtp
8,PRO192,6,6,BE304,22,tamnt
8,PRO192,6,6,BE305,22,thaopn5
8,PRO192,6,6,BE306,22,thomlth2
8,PRO192,6,6,BE307,22,thuyntb3
8,PRO192,6,6,BE308,22,thuypt71
8,PRO192,6,6,BE309,22,thuyvtt
8,PRO192,6,6,BE310,22,trangntd10
8,PRO192,6,6,BE311,22,tuanhm
8,PRO192,6,6,BE312,22,tuanhm28
8,PRO192,6,6,BE313,22,tuanlt33
8,PRO192,6,6,BE314,22,tudq5
8,PRO192,6,6,BE315,22,yenhth15
8,PRO192,6,6,BE316,21,yennxh
9,JPD123,1,1,HB/202R,22,andh9
9,JPD123,1,1,HB/204R,22,anhht68
9,JPD123,1,1,BE201,22,anhptm16
9,JPD123,1,1,BE202,22,caupd
9,JPD123,1,1,BE203,22,chink16
9,JPD123,1,1,BE204,22,dattt67
9,JPD123,1,1,BE205,22,doanhd
9,JPD123,1,1,BE208,22,ducdm39
9,JPD123,1,1,BE209,22,hadtt
9,JPD123,1,1,BE210,22,hailt
9,JPD123,1,1,BE212,22,hanglt40
9,JPD123,1,1,BE213,22,hangtt59
9,JPD123,1,1,BE214,22,hienntt
9,JPD123,1,1,BE215,22,hoadt31
9,JPD123,1,1,BE216,22,hoaibm
9,JPD123,1,1,BE217,22,hoalth
9,JPD123,1,1,BE218,22,hoanm8
9,JPD123,1,1,BE219,22,hoantq
9,JPD123,1,1,BE220,22,hoaptt8
9,JPD123,1,1,BE221,22,hongnt70
9,JPD123,1,1,BE301,22,hongttx4
9,JPD123,1,1,BE302,22,khaidq6
9,JPD123,1,1,BE303,22,khuongpd
9,JPD123,1,1,BE304,22,kiennt
9,JPD123,1,1,BE305,22,kyvk2
9,JPD123,1,1,BE306,22,linhct4
9,JPD123,1,1,BE307,22,linhndm3
9,JPD123,1,1,BE308,22,linhvh11
9,JPD123,1,1,BE309,22,loanbt7
9,JPD123,1,1,BE310,22,longdq
9,JPD123,1,1,BE311,22,ngavv
9,JPD123,1,1,BE312,22,ngoccta3
9,JPD123,1,1,BE313,22,ngochth
9,JPD123,1,1,BE314,22,nguyetntm
9,JPD123,1,1,BE315,22,nhungdth23
9,JPD123,1,1,BE316,22,nhungdtp
9,JPD123,1,1,BE317,22,nhuonglt
9,JPD123,1,1,BE318,22,tamnt
9,JPD123,1,1,BE319,22,tampt25
9,JPD123,1,1,BE320,22,thanhdt59
9,JPD123,1,1,BE321,22,thanhpv24
9,JPD123,1,1,BE401,22,thudt
9,JPD123,1,1,BE402,22,thulh
9,JPD123,1,1,BE403,22,thulx
9,JPD123,1,1,BE404,22,thuybt26
9,JPD123,1,1,BE405,22,thuybt4
9,JPD123,1,1,BE406,22,thuydk2
9,JPD123,1,1,BE407,22,thuypt71
9,JPD123,1,1,BE408,22,thuyvtt
9,JPD123,1,1,BE409,22,tienntt54
9,JPD123,1,1,BE410,22,tientd17
9,JPD123,1,1,BE411,22,tramnn19
9,JPD123,1,1,BE412,22,vunh
9,JPD123,1,1,BE413,22,yennth126
9,JPD123,1,1,BE414,15,ynt4
9,HOA102,2,3,HB/202R,20,anhht68
9,HOA102,2,3,HB/204R,20,anhptm16
9,HOA102,2,3,BE201,20,caupd
9,HOA102,2,3,BE202,20,chinhcd
9,HOA102,2,3,BE203,20,chinth
9,HOA102,2,3,BE204,20,nhuonglt
9,HOA102,2,3,BE205,20,thuybt26
9,HOA102,2,3,BE208,18,vandtt
9,MGT103,2,2,BE209,22,andh9
9,MGT103,2,2,BE210,22,anhpn
9,MGT103,2,2,BE212,22,anhpv
9,MGT103,2,2,BE213,22,anhttv20
9,MGT103,2,2,BE214,22,datnd3
9,MGT103,2,2,BE215,22,dinhvd4
9,MGT103,2,2,BE216,22,dungltk
9,MGT103,2,2,BE217,22,dungvt41
9,MGT103,2,2,BE218,22,hadtt
9,MGT103,2,2,BE219,22,hangtt59
9,MGT103,2,2,BE220,22,hienntt
9,MGT103,2,2,BE221,22,hieubv10
9,MGT103,2,2,BE301,22,hieuqt
9,MGT103,2,2,BE302,22,hoadt31
9,MGT103,2,2,BE303,22,hoaibm
9,MGT103,2,2,BE304,22,hoanm8
9,MGT103,2,2,BE305,22,hoaptt8
9,MGT103,2,2,BE306,22,hunglh
9,MGT103,2,2,BE307,22,huyendtt4
9,MGT103,2,2,BE308,22,huyenntt97
9,MGT103,2,2,BE309,22,khaidq6
9,MGT103,2,2,BE310,22,khangpq3
9,MGT103,2,2,BE311,22,khuongpd
9,MGT103,2,2,BE312,22,kiennt
9,MGT103,2,2,BE313,22,kyvk2
9,MGT103,2,2,BE314,22,linhct4
9,MGT103,2,2,BE315,22,linhndm3
9,MGT103,2,2,BE316,22,linhntm
9,MGT103,2,2,BE317,22,linhvh11
9,MGT103,2,2,BE318,22,loanbt7
9,MGT103,2,2,BE319,22,longdq
9,MGT103,2,2,BE320,22,longhh6
9,MGT103,2,2,BE321,22,luongnt14
9,MGT103,2,2,BE401,22,namkv
9,MGT103,2,2,BE402,22,ngavv
9,MGT103,2,2,BE403,22,sonhx
9,MGT103,2,2,BE404,22,tamnt
9,MGT103,2,2,BE405,22,thangnt59
9,MGT103,2,2,BE406,22,thuypt71
9,MGT103,2,2,BE407,22,thuyvtt
9,MGT103,2,2,BE408,22,tientd17
9,MGT103,2,2,BE409,22,trangdm3
9,MGT103,2,2,BE410,22,trungpb
9,MGT103,2,2,BE411,22,vandt4
9,MGT103,2,2,BE412,22,vandtk2
9,MGT103,2,2,BE413,22,vanph18
9,MGT103,2,2,BE414,22,vunh
9,MGT103,2,2,BE415,22,yennth126
9,MGT103,2,2,BE416,14,ynt4
9,BUE201,3,3,BE209,19,hoaibm
9,ERW411,3,3,BE210,13,linhct4
9,ERW411,3,3,BE212,13,thulx
9,FIN303,3,3,BE213,20,hadtt
9,IBF301,3,3,BE214,21,dungnt3
9,IBF301,3,3,BE215,21,kyvk2
9,IBF301,3,3,BE216,21,nguyetntm
9,IBF301,3,3,BE217,21,nhungdtp
9,IBF301,3,3,BE218,21,thangnv75
9,IBF301,3,3,BE219,21,thudt
9,IBF301,3,3,BE220,16,tramnn19
9,MMP201,3,3,BE221,21,anhkd
9,MMP201,3,3,BE301,21,dungvt41
9,MMP201,3,3,BE302,21,hoalth
9,MMP201,3,3,BE303,21,khuongpd
9,MMP201,3,3,BE304,21,linhntm
9,MMP201,3,3,BE305,21,ngochth
9,MMP201,3,3,BE306,21,thangpd10
9,MMP201,3,3,BE307,20,yennth126
9,DBI202,4,4,HB/202R,22,anhnv64
9,DBI202,4,4,HB/204R,22,anhptm16
9,DBI202,4,4,BE201,22,annt21
9,DBI202,4,4,BE202,22,dattt67
9,DBI202,4,4,BE203,22,doanhd
9,DBI202,4,4,BE204,22,ducdm39
9,DBI202,4,4,BE205,22,hangtt59
9,DBI202,4,4,BE208,22,hoadt31
9,DBI202,4,4,BE209,22,hoalth
9,DBI202,4,4,BE210,22,hoaptt8
9,DBI202,4,4,BE212,22,huongtg
9,DBI202,4,4,BE213,22,huyenntt97
9,DBI202,4,4,BE214,22,khangpq3
9,DBI202,4,4,BE215,22,khuongpd
9,DBI202,4,4,BE216,22,linhct4
9,DBI202,4,4,BE217,22,linhndm3
9,DBI202,4,4,BE218,22,linhntm
9,DBI202,4,4,BE219,22,luongnt14
9,DBI202,4,4,BE220,22,nguyetntm
9,DBI202,4,4,BE221,22,nhungdth23
9,DBI202,4,4,BE301,22,nhuonglt
9,DBI202,4,4,BE302,22,phuongvtm11
9,DBI202,4,4,BE303,22,thangnv75
9,DBI202,4,4,BE304,22,thulh
9,DBI202,4,4,BE305,22,thulx
9,DBI202,4,4,BE306,22,thuongnt53
9,DBI202,4,4,BE307,22,thuydk2
9,DBI202,4,4,BE308,22,thuyntt135
9,DBI202,4,4,BE309,22,tienntt54
9,DBI202,4,4,BE310,22,trangdm3
9,DBI202,4,4,BE311,22,trangntq41
9,DBI202,4,4,BE312,22,trungpb
9,DBI202,4,4,BE313,22,vunh
9,DBI202,4,4,BE314,11,yennth126
9,VNR202,4,4,BE315,22,chinhcd
9,VNR202,4,4,BE316,22,hienntt
9,VNR202,4,4,BE317,22,huyendtt4
9,VNR202,4,4,BE318,22,khaidq6
9,VNR202,4,4,BE319,22,kyvk2
9,VNR202,4,4,BE320,22,oanhnt75
9,VNR202,4,4,BE321,22,thangnt59
9,VNR202,4,4,BE401,22,thanhpv24
9,VNR202,4,4,BE402,22,thuypt71
9,VNR202,4,4,BE403,16,thuyvtt
9,EAL201,5,6,HB/202R,15,lanntt
9,EAL201,5,6,HB/204R,15,thangnt59
9,EAW211,5,5,BE201,20,chinhcd
9,EAW211,5,5,BE202,20,kiennt
9,EAW211,5,5,BE203,20,vandtt
9,ECO201,5,5,BE204,19,anhkd
9,ECO201,5,5,BE205,19,longhh6
9,ECO201,5,5,BE208,19,thuydk2
9,ECO201,5,5,BE209,19,thuypt71
9,ECO201,5,5,BE210,16,tienntt54
9,PRM392,5,5,BE212,22,anhpv
9,PRM392,5,5,BE213,22,anhttv20
9,PRM392,5,5,BE214,22,dattt67
9,PRM392,5,5,BE215,22,dungnt3
9,PRM392,5,5,BE216,22,dungvt41
9,PRM392,5,5,BE217,22,hoadt31
9,PRM392,5,5,BE218,22,hoaibm
9,PRM392,5,5,BE219,22,hoanm8
9,PRM392,5,5,BE220,22,huyendtt4
9,PRM392,5,5,BE221,22,linhpp2
9,PRM392,5,5,BE301,22,linhvh11
9,PRM392,5,5,BE302,22,maicv2
9,PRM392,5,5,BE303,22,nhuonglt
9,PRM392,5,5,BE304,22,thangnv75
9,PRM392,5,5,BE305,22,thangpd10
9,PRM392,5,5,BE306,22,thanhdt59
9,PRM392,5,5,BE307,22,thuybt26
9,PRM392,5,5,BE308,22,thuyntt35
9,PRM392,5,5,BE309,22,tientd17
9,PRM392,5,5,BE310,22,trangntq41
9,PRM392,5,5,BE311,22,vanph18
9,PRM392,5,5,BE312,10,yennth126
9,HOM302,6,6,BE201,12,thuongnt53
9,IAW301,6,6,BE202,19,anhkd
9,IAW301,6,6,BE203,19,thulx
9,IOC311,6,6,BE204,6,sonhx
9,MLN122,6,6,BE205,22,anhpn
9,MLN122,6,6,BE208,22,anhptm16
9,MLN122,6,6,BE209,22,anhpv
9,MLN122,6,6,BE210,22,chinth
9,MLN122,6,6,BE212,22,datnd3
9,MLN122,6,6,BE213,22,dinhvd4
9,MLN122,6,6,BE214,22,doanhd
9,MLN122,6,6,BE215,22,hadtt
9,MLN122,6,6,BE216,22,hoadt31
9,MLN122,6,6,BE217,22,huongtg
9,MLN122,6,6,BE218,22,khangpq3
9,MLN122,6,6,BE219,22,linhpp2
9,MLN122,6,6,BE220,22,thanhpv24
9,MLN122,6,6,BE221,22,thuybt4
9,MLN122,6,6,BE301,22,thuyntt35
9,MLN122,6,6,BE302,22,tienntt54
9,MLN122,6,6,BE303,22,trangdm3
9,MLN122,6,6,BE304,22,trungpb
9,MLN122,6,6,BE305,19,vandtk2
